{
    "loss": 1.8039110898971558,
    "accuracy": 0.3571428656578064
}